username,tweet_id,tweet_text,like_count,created_at,followers
pataguccigoon,1686251271135670272,Is it real guys? Should I be hyped or not? Sorry I'm not a physics major,127,2023-08-01T05:43:26.000Z,2066
pataguccigoon,1685885816218832897,zuck was the first thiel fellow,50,2023-07-31T05:31:15.000Z,2066
pataguccigoon,1685878520864518146,take off your clothes haha it's for an art project,59,2023-07-31T05:02:16.000Z,2066
pataguccigoon,1685813382262280192,I have the best mutuals in the world,37,2023-07-31T00:43:25.000Z,2066
pataguccigoon,1684834048689000448,Even roon can't shill the orb,141,2023-07-28T07:51:54.000Z,2066
pataguccigoon,1684422676343816192,major blackpill for incels: you're more likely to be successful if you have a supportive gf/wife,855,2023-07-27T04:37:15.000Z,2066
pataguccigoon,1684301143520813059,No offense to high level drug traffickers but the government should kill you,68,2023-07-26T20:34:20.000Z,2066
pataguccigoon,1683675709514850304,"Elon's so autistic about the letter X that he named his company spaceX, renamed twitter to X and named his kid X",265,2023-07-25T03:09:04.000Z,2066
pataguccigoon,1683592506477256706,What anime should I watch if I liked nge?,48,2023-07-24T21:38:27.000Z,2066
pataguccigoon,1683218162035183616,e/acc is cringe again,108,2023-07-23T20:50:57.000Z,2066
pataguccigoon,1682927157914288130,what's stopping you from making a nuclear bomb anon?,50,2023-07-23T01:34:36.000Z,2066
pataguccigoon,1682902866120556544,Ok I like oppenheimer now that I realize it's more of a vibes film,36,2023-07-22T23:58:04.000Z,2066
pataguccigoon,1682080115067371520,There's no way I have a higher IQ than Richard Feynman,59,2023-07-20T17:28:45.000Z,2066
anammostarac,1680076708651872256,"Nothing triggers men quite like young, independent, financially savvy women who are making bank",706,2023-07-15T04:47:56.000Z,30900
chefcowboyardee,1688734339192717312,Iâ€™m coming out as gaytarded.,21,2023-08-08T02:10:16.000Z,1227
chefcowboyardee,1688289959994859520,"My wife said if I don't get to 2k followers by sundown she's gonna fuck the pool boy again.

Please help. He is very hung.",30,2023-08-06T20:44:28.000Z,1227
chefcowboyardee,1687702613889015808,There should a room in every office where anything goes like sex cocaine rock roll beerpong comedy you name it. Like the breastfeeding room but for partying.,26,2023-08-05T05:50:33.000Z,1227
chefcowboyardee,1687649383574335488,Startup idea: a pill that cures communism.,26,2023-08-05T02:19:02.000Z,1227
chefcowboyardee,1687637888350257152,"When the aliens arrive they will know SQL.

SQL is the most logical way to handle data throughout the universe.

SQL cannot be improved upon.

SQL is optimal. Everything else is suboptimal.",26,2023-08-05T01:33:22.000Z,1227
darkyudkowsky,1689534129950584832,Laughing hysterically in a wework at midnight vibes,12,2023-08-10T07:08:21.000Z,676
darkyudkowsky,1686941907606224896,IF WE DONT OPEN THIS WEWORK OFFICE IN 5 MINUTES AGI GOES LIVE ON THE INTERNET,16,2023-08-03T03:27:47.000Z,676
HotForMoot,1689867556507824128,I met the most beautiful guy tonight. I couldnâ€™t even look directly at him for more than a few seconds at a time. I canâ€™t find him on ig so Iâ€™m shooting my shot by visiting his LinkedIn profile 50 times and hoping he has premium and sees it,179,2023-08-11T05:13:16.000Z,8920
HotForMoot,1689659949734117376,"I love my morning routine, itâ€™s short but sweet. Wake up, open and tie back my curtains, stare directly into the sun for 10 minutes (sunmaxxing, look it up), rinse my mouth with some monster energy Baja blast, take 6 adderall, switch to the other side of my bed (the work side),",211,2023-08-10T15:28:19.000Z,8920
HotForMoot,1689136346751963136,All men should have at least one shirtless picture on their instagrams wtf are they even on there for? Wtf are all these artsy urban scenery photos get your damn tits out,170,2023-08-09T04:47:42.000Z,8920
HotForMoot,1688383910605201408,"My ex and I would always make emotional hedges when something went wrong or one of us was anxious. Like â€œfuck I really think I lost my passportâ€. 
â€œOk Iâ€™ll bet you $30 you didnâ€™t lose itâ€",284,2023-08-07T02:57:47.000Z,8920
HotForMoot,1688028556809601024,Not a day goes by where I didnâ€™t wish Iâ€™d gotten the Johnson&amp;Johnson vaccine. Such hot guy chad energy. I know Iâ€™d be hella ripped rn with a thic juicy ass if Iâ€™d gotten that vaccine,170,2023-08-06T03:25:44.000Z,8920
HotForMoot,1687688340022435840,"Me hitting on a younger guy:
Hey babe you wanna trade age gap for wage gap ğŸ˜",190,2023-08-05T04:53:50.000Z,8920
HotForMoot,1686963802057986049,QA didnâ€™t approve my PR so I removed her from the approval and merged anyway,253,2023-08-03T04:54:47.000Z,8920
HotForMoot,1686423736092876800,Rizz is stored in the balls,266,2023-08-01T17:08:45.000Z,8920
HotForMoot,1685573641277472768,Celibacy is insane. I think if I got close enough to smell a man rn I might pass out just from the shock,293,2023-07-30T08:50:47.000Z,8920
HotForMoot,1685186459308093440,People going out in sf and nyc end their nights at the same time,1127,2023-07-29T07:12:15.000Z,8920
DvnnyyPhantom,1689861700512780288,when I speed up in front of someone in traffic I say â€œe/accâ€ under my breath,108,2023-08-11T04:50:00.000Z,2788
DvnnyyPhantom,1688730660008345600,Heard a rumor that Growing Daniel is a member of e/acc and regularly goes to their meetings? Didnâ€™t expect that tbh.,106,2023-08-08T01:55:39.000Z,2788
DvnnyyPhantom,1687342349209513985,at a nice bar in SF drinking fireball in the bathroom with a shitposter. We. Are. So. Back.,50,2023-08-04T05:59:00.000Z,2788
DvnnyyPhantom,1686231812853706752,they call me a golden retriever but forget that means that I got that DOG in me ğŸ˜¤ğŸº,72,2023-08-01T04:26:07.000Z,2788
DvnnyyPhantom,1681458131782762497,not me discovering that work meetings feel exactly like twitter spaces,49,2023-07-19T00:17:13.000Z,2788
DvnnyyPhantom,1681106733467598849,ğŸ«¡ğŸ«¡ğŸ«¡ğŸ«¡ğŸ«¡ğŸ«¡ğŸ«¡ğŸ«¡ğŸ«¡ğŸ«¡ğŸ«¡ğŸ«¡ğŸ«¡ğŸ«¡ğŸ«¡ğŸ«¡ğŸ«¡ğŸ«¡ğŸ«¡ğŸ«¡ğŸ«¡ğŸ«¡ğŸ«¡ğŸ«¡ğŸ«¡ğŸ«¡ğŸ«¡ğŸ«¡ğŸ«¡ğŸ«¡ğŸ«¡ğŸ«¡ğŸ«¡ğŸ«¡ğŸ«¡ğŸ«¡ğŸ«¡ğŸ«¡ğŸ«¡ğŸ«¡ğŸ«¡ğŸ«¡ğŸ«¡ğŸ«¡ğŸ«¡ğŸ«¡ğŸ«¡ğŸ«¡ğŸ«¡ğŸ«¡ğŸ«¡ğŸ«¡ğŸ«¡ğŸ«¡ğŸ«¡ğŸ«¡ğŸ«¡ğŸ«¡ğŸ«¡ğŸ«¡ğŸ«¡ğŸ«¡ğŸ«¡ğŸ«¡ğŸ«¡ğŸ«¡ğŸ«¡ğŸ«¡ğŸ«¡ğŸ«¡ğŸ«¡ğŸ«¡ğŸ«¡ğŸ«¡ğŸ«¡ğŸ«¡ğŸ«¡ğŸ«¡ğŸ«¡ğŸ«¡ğŸ«¡ğŸ«¡ğŸ«¡ğŸ«¡ğŸ«¡ğŸ«¡ğŸ«¡ğŸ«¡ğŸ«¡ğŸ«¡ğŸ«¡ğŸ«¡ğŸ«¡ğŸ«¡ğŸ«¡ğŸ«¡ğŸ«¡ğŸ«¡ğŸ«¡ğŸ«¡ğŸ«¡ğŸ«¡ğŸ«¡ğŸ«¡ğŸ«¡ğŸ«¡ğŸ«¡ğŸ«¡ğŸ«¡ğŸ«¡ğŸ«¡ğŸ«¡ğŸ«¡ğŸ«¡ğŸ«¡ğŸ«¡ğŸ«¡ğŸ«¡ğŸ«¡ğŸ«¡ğŸ«¡ğŸ«¡ğŸ«¡ğŸ«¡ğŸ«¡ğŸ«¡ğŸ«¡ğŸ«¡ğŸ«¡ğŸ«¡ğŸ«¡ğŸ«¡ğŸ«¡ğŸ«¡ğŸ«¡ğŸ«¡ğŸ«¡ğŸ«¡ğŸ«¡ğŸ«¡,80,2023-07-18T01:00:53.000Z,2788
DvnnyyPhantom,1676482902765506561,america is really cool,59,2023-07-05T06:47:26.000Z,2788
DvnnyyPhantom,1674515783047864320,autistic guy whoâ€™s special interest is improvised explosive devices,54,2023-06-29T20:30:48.000Z,2788
DvnnyyPhantom,1674514645137371141,"If youâ€™re not a doctor or a farmer, your job is fake.",164,2023-06-29T20:26:17.000Z,2788
DvnnyyPhantom,1669604780740841473,"Donâ€™t date on twitter, if sheâ€™s in your groupchat, sheâ€™s ran through.",66,2023-06-16T07:16:14.000Z,2788
DvnnyyPhantom,1668158682935492608,"Need advice: My friend thinks heâ€™s the only straight, non autistic haskell dev in the world, how do I tell him?",130,2023-06-12T07:29:57.000Z,2788
DvnnyyPhantom,1664133202364219393,You can get into any building in SF by pretending to be an uber eats delivery driver.,84,2023-06-01T04:54:08.000Z,2788
DvnnyyPhantom,1663323891941642240,"Good morning.

never forget 

e/acc with rizz 

thermodynamic supremacy",50,2023-05-29T23:18:13.000Z,2788
DvnnyyPhantom,1654680149718368256,"24 years, 9 months, 7 days. Thatâ€™s exactly how long I survived without ever having to know how to use Excel.",88,2023-05-06T02:51:04.000Z,2788
DvnnyyPhantom,1651251624810254336,"Hosting something Friday in SF for a few well loved twitter folks, DM for a link!â€¦ 

Currently employing multiple Chads to drop partiful links with a message that says â€œaverage TC at this party is ~$210kâ€ on all of their tinder matches ğŸ«¡",74,2023-04-26T15:47:20.000Z,2788
cynical_ingroup,1685465379794206720,If she wants to try on your pit vipers that counts as a body,33,2023-07-30T01:40:35.000Z,1289
cynical_ingroup,1657157324371546112,I have seen mixed clout relationships you people wouldn't believe,27,2023-05-12T22:54:29.000Z,1289
cynical_ingroup,1624274613625831424,I love to see a community come together to exclude someone,41,2023-02-11T05:10:20.000Z,1289
cynical_ingroup,1622003816928534529,"A man's beloved Chinese Spy Balloon runs outside, gets hit by a car, and dies. The man mourns this greatly. Before burying the Chinese Spy Balloon, the man has sex with the Chinese Spy Balloon's corpse. He never had sex with the Chinese Spy Balloon when it was live, and neğŸ§µ(1/2)",194,2023-02-04T22:46:59.000Z,1289
cynical_ingroup,1580664964796207105,My DMs are open btw ladies,31,2022-10-13T21:01:09.000Z,1289
cynical_ingroup,1580664895137202177,Nobody asking the obvious question: what's the minimum,46,2022-10-13T21:00:52.000Z,1289
cynical_ingroup,1580662033262858240,What's the maximum number of women that it's ethical to talk to at one time?,198,2022-10-13T20:49:30.000Z,1289
cynical_ingroup,1554344765440765954,CRISPR for my kids so they have the landlord gene,27,2022-08-02T05:54:05.000Z,1289
cynical_ingroup,1553129362400022528,Ancient Chinese curse: may you live in mid times,84,2022-07-29T21:24:30.000Z,1289
cynical_ingroup,1545135325642559488,"Yeah so when did the women on Twitter become so chill with corporate harems. You realize that men are concealing their preferences on this issue based on how women are reacting, right?",87,2022-07-07T19:59:03.000Z,1289
cynical_ingroup,1540402856196378624,Juuls have a heartbeat from the moment of conception,45,2022-06-24T18:33:54.000Z,1289
cynical_ingroup,1540061352676532224,Getting the schkreli follow but not following him back to establish dominance,109,2022-06-23T19:56:54.000Z,1289
cynical_ingroup,1532466489881550848,Have you or a loved one been denied entry to Roonchat? You may be entitled to compensation.,74,2022-06-02T20:57:37.000Z,1289
generic_void,1685699293775302656,"The reason I quit using Facebook was because when I first got sober at 21, every time I shared my sobriety achievements on Facebook Iâ€™d get ads for alcoholâ€¦ Wonder if theyâ€™re still doing that. Truly a dogshit algorithm",144,2023-07-30T17:10:05.000Z,5718
generic_void,1685448063547301888,Sometimes I get really scared that the majority of jobs in the future are gonna be cleaning data and I let out little bursts of internal screaming,106,2023-07-30T00:31:47.000Z,5718
generic_void,1684099358449631234,People who can fall asleep within 5 minutes truly have no idea what a flex they have on the rest of us. Takes me nearly an hour for my brain to chill out enough to sleep,190,2023-07-26T07:12:30.000Z,5718
generic_void,1682176312793006080,"I honestly canâ€™t believe I used to be so intimidated to learn Python &amp; ML/DL. If you already have a good background in math/stats, this is actually super easy to pick up. Especially with all the learning &amp; coding tools that are out there now.",112,2023-07-20T23:51:00.000Z,5718
generic_void,1679701500787052545,"annoy an economist with one tweet

(sry econtwitter)",175,2023-07-14T03:56:59.000Z,5718
generic_void,1679238033844097024,"How do I mute all dating discourse on here? No offense, but Iâ€™m not really interested in the terminally onlineâ€™s opinions on dating. Itâ€™s kinda like when an addiction counselor has never tried nor struggled with addictive substances.",199,2023-07-12T21:15:20.000Z,5718
nymphindistress,1689218055182667776,every time you whores put p0rn on my tl a fairy loses her wings,210,2023-08-09T10:12:23.000Z,4604
nymphindistress,1688830099766812672,a sad kitten . if you see a sad kitten feed it . it needs nourishment . keep it . bring a blanket . warm milk . it's very sad . deeply .,171,2023-08-08T08:30:47.000Z,4604
nymphindistress,1688717362516668416,they should make an app for evil people only,79,2023-08-08T01:02:48.000Z,4604
nymphindistress,1688675131961356288,if andrea dworkin looked like a kpop idol we would have a female president,364,2023-08-07T22:15:00.000Z,4604
nymphindistress,1688004876956016640,saddest part of human biology is you can't give yourself a forehead kiss,263,2023-08-06T01:51:38.000Z,4604
nymphindistress,1687185860339302400,i wish ppl saw women and saw something that wasn't sex,214,2023-08-03T19:37:10.000Z,4604
nymphindistress,1686864419160997888,"""did you get buccal fat removal"" no i did it the old-fashioned way",1129,2023-08-02T22:19:52.000Z,4604
nymphindistress,1679157968044957703,you are 35 years old. you are not an egirl. you are a middle aged woman.,306,2023-07-12T15:57:11.000Z,4604
nymphindistress,1668472241376358402,dasha nekrasova having a public breakdown because some heathy bmi woman made a twitter poll to her sexually frustrated demographic and no one voted for her was actually the highlight of my day,379,2023-06-13T04:15:55.000Z,4604
gfodor,1689643100887744518,So did the environmentalists who blocked nuclear power and hence caused climate change now block the sulfur emissions that were the last thing keeping us from all burning up? Do I have that right?,493,2023-08-10T14:21:21.000Z,20300
gfodor,1688221731918647296,"US labs will say LK-99 is fake and that believing Chinese lab videos are real makes you a science denier. Republicans will of course be seen riding around next year on extremely unsafe Chinese hoverboards purchased to own the libs, who will dismiss them as â€œdiamagnet boards.â€",987,2023-08-06T16:13:21.000Z,20300
gfodor,1687680520732520449,"So, uh, are we to conclude that not a single US lab made LK-99 a week in, just a bunch of space cowboys in Miami? A true greypill.",1408,2023-08-05T04:22:46.000Z,20300
gfodor,1687160711599083520,"Only primitive civilizations live on the surface of their planets. Doing so is embarassingly risky, and is only done if your technology is so poor you can't create a similarly enjoyable environment just under the incredible physical shield of your planet's crust.",1163,2023-08-03T17:57:14.000Z,20300
nearcyan,1688733607358083072,"many smart wonderful people are trapped in bad parts of the internet because they don't know how to find the good parts

under-discussed b/c those of us in the good parts don't realize how vast the bad parts are, and those of us in the bad parts don't know good parts even exist",2367,2023-08-08T02:07:21.000Z,28100
nearcyan,1688237948943167489,my largest tech disappointment over the last decade is that as surveillance has gotten 10x worse people seem to care even less than before,2598,2023-08-06T17:17:47.000Z,28100
nearcyan,1687647833967464449,"""what did you work on during humanity's most important decade (2020-2029) ?""",1742,2023-08-05T02:12:53.000Z,28100
nearcyan,1682057753085214720,we could have ended up with much worse multi-trillion-dollar companies tbh,1101,2023-07-20T15:59:54.000Z,28100
nearcyan,1681170366763245573,"""wow i wish i could make 500k/yr""

no you dont understand, he lives in california near san francisco

it is not real money",1476,2023-07-18T05:13:44.000Z,28100
nearcyan,1681168694385188864,"ok after seeing the apartment of the victor i have determined that he is, in fact, not living the life at all

it is unlikely he will be able to procure a mate with his current circumstances regardless of his lavish compensation",1222,2023-07-18T05:07:06.000Z,28100
nearcyan,1681166975303598080,"man is truly living the life

it's like a retirement home except for your 20s and 30s",1379,2023-07-18T05:00:16.000Z,28100
UubzU,1689503206936920064,Feels like milady is about to explode,205,2023-08-10T05:05:28.000Z,7186
luke_metro,1689798254110883840,Rich dudes should stop blowing millions to get 5% in a presidential primary and start scheming to become the next Robert Moses,110,2023-08-11T00:37:53.000Z,5389
luke_metro,1689298965689425920,Just saw the thread on Blind where all the Meta directors shared their salaries and I have never felt more passionate about building and scaling teams,2369,2023-08-09T15:33:53.000Z,5389
luke_metro,1688929895005798400,Just met a guy in the marina who said that big tech companies are overstaffed because middle managers are rewarded for hiring more people instead of creating shareholder value,126,2023-08-08T15:07:20.000Z,5389
luke_metro,1686824663404728320,"The biggest tragedy would be getting superconductors that have no moat, leaving shareholder value un-maximized",123,2023-08-02T19:41:54.000Z,5389
luke_metro,1686495752523218946,Crazy to think how LK99 wouldnâ€™t exist if they didnâ€™t have world class project management software,2210,2023-08-01T21:54:55.000Z,5389
luke_metro,1686407920525967360,Love to be living in the cyberpunk future where weâ€™re witnessing a race to build room temperature semiconductors between a space factory and an anime catgirl,257,2023-08-01T16:05:54.000Z,5389
Teknium1,1689265595957854208,"Ok I've just tested every Nvidia driver between 531.79 -&gt; 536.99 on my 4090 and I can say, there is no discernable tokens/second speed change between any of them. This has been your Wednesday PSA.",150,2023-08-09T13:21:17.000Z,6865
Teknium1,1689202747336519680,"Fellow programmers I have another question, do you find Github Copilot to be useful even if you have chatgpt-4/code interpreter? Is it worth adding it back to my AI stack of ChatGPT+ &amp; Midjourney?",258,2023-08-09T09:11:33.000Z,6865
Teknium1,1688044531823116288,Fellow Programmers can you share to me your custom instruction for how you have GPT behave that might help with programming? (If its not too personal for you of course),229,2023-08-06T04:29:13.000Z,6865
Teknium1,1687213581656543234,The goal should be to make AI so useful in so many ways to so many people that any legal threat or law that would severely diminish it's access or quality would be met with severe backlash by the public,353,2023-08-03T21:27:19.000Z,6865
SoTechBro,1689872756601413632,I am intentionally blocking every person with OF links in their profile and you should do the same anon,32,2023-08-11T05:33:56.000Z,1737
lilclearpill,1689510818382336000,i dont wanna go home i wanna stay on the internet,130,2023-08-10T05:35:43.000Z,6471
lilclearpill,1689451673998196736,I literally understand basedretardgang,115,2023-08-10T01:40:42.000Z,6471
lilclearpill,1689351607862046720,Yes I am AI (ğ’¶ğ“ƒğ‘”ğ‘’ğ“ ğ’¾ğ“ƒğ“‰ğ‘’ğ“ğ“ğ’¾ğ‘”ğ‘’ğ“ƒğ’¸ğ‘’),219,2023-08-09T19:03:04.000Z,6471
lilclearpill,1689051100010487808,it's time to stop thinking,201,2023-08-08T23:08:57.000Z,6471
lilclearpill,1688933536089493505,horse girls do ketamine,137,2023-08-08T15:21:48.000Z,6471
lilclearpill,1688782173640491008,pictures are the new words,184,2023-08-08T05:20:20.000Z,6471
lilclearpill,1688373711089356800,i'm only dating to marry because my soul is pure,299,2023-08-07T02:17:15.000Z,6471
lilclearpill,1688081128307949569,"iâ€™m an aesthetic terrorist

a suicidal lovebomber",149,2023-08-06T06:54:38.000Z,6471
lilclearpill,1687938650300932096,"Iâ€™m fragile

But not like glass or a flower

Like a bomb",245,2023-08-05T21:28:29.000Z,6471
lilclearpill,1687777686171566080,i just listened to bladee for the first time,144,2023-08-05T10:48:52.000Z,6471
lilclearpill,1687669269985660928,iâ€™m mentally chill,237,2023-08-05T03:38:04.000Z,6471
lilclearpill,1687571991119740928,"iâ€™m clearpilled 
I have BPD
I have 0 IQ

Iâ€™m your long lost lover",261,2023-08-04T21:11:30.000Z,6471
lilclearpill,1687323976442232832,I need a crazy white girl to embark on spiritual jihad with me,202,2023-08-04T04:45:59.000Z,6471
lilclearpill,1687294922309701632,"iâ€™m not crazy, i just love you",179,2023-08-04T02:50:32.000Z,6471
lilclearpill,1686892088950996992,I want to destroy the world with nuclear lovebombs,173,2023-08-03T00:09:49.000Z,6471
lilclearpill,1686876746610565120,if you love me youâ€™d put ğ”…â„œğ”Š in your bio,151,2023-08-02T23:08:51.000Z,6471
lilclearpill,1686736564691382272,"ğˆ ğ°ğšğ§ğ§ğš ğ›ğ ğ¬ğ¨ğŸğ­ğ°ğšğ«ğ 

ğ˜œğ˜±ğ˜­ğ˜°ğ˜¢ğ˜¥ ğ˜®ğ˜º ğ˜®ğ˜ªğ˜¯ğ˜¥ 

â€ Ã¥kÃª Ã¥ll mÂ¥ ÃÃ¥â€ Ã¥ 

ğ“¦ğ“±ğ“ªğ“½ ğ”€ğ“²ğ“µğ“µ ğ”‚ğ“¸ğ“¾ ğ“¯ğ“²ğ“·ğ“­?",235,2023-08-02T13:51:49.000Z,6471
lilclearpill,1686189128847593472,"I was born in the right generation

I love capitalism and ğ”…â„œğ”Š",192,2023-08-01T01:36:30.000Z,6471
lilclearpill,1686102188412538880,have you taken your clear pill today,124,2023-07-31T19:51:02.000Z,6471
lilclearpill,1685335527057207296,"I donâ€™t believe in conspiracy theories, I believe in God",203,2023-07-29T17:04:36.000Z,6471
lilclearpill,1684784301450067968,Can I join your cult,199,2023-07-28T04:34:13.000Z,6471
lilclearpill,1684739279249969152,"I want my brain analyzed, lobotomized and turned into open-source software",129,2023-07-28T01:35:19.000Z,6471
lilclearpill,1684555973233348608,"go to your twitter profile

delete all your ugly tweets

embrace beauty ğŸ¤",189,2023-07-27T13:26:56.000Z,6471
lilclearpill,1683701567294173184,promise me youâ€™ll be my bestie in the next karmic cycle,139,2023-07-25T04:51:49.000Z,6471
lilclearpill,1683675077051555843,my music can be labeled as retardcore,138,2023-07-25T03:06:34.000Z,6471
lilclearpill,1682984973865811969,"Cheeseburgers taste amazing, thatâ€™s why I believe in God and capitalism",113,2023-07-23T05:24:20.000Z,6471
lilclearpill,1681067367571365889,E/accs are the SJWs of accelerationism,121,2023-07-17T22:24:27.000Z,6471
lilclearpill,1680631253626658817,"I donâ€™t know anything about the crypto market, just sell me a coin that only goes up",115,2023-07-16T17:31:30.000Z,6471
lilclearpill,1680353196961669120,I love when people fall off because I always catch them,123,2023-07-15T23:06:36.000Z,6471
bayeslord,1688691690599546880,if youâ€™re in big tech pivot to your destiny,258,2023-08-07T23:20:48.000Z,8256
bayeslord,1687077292973944832,"i think i understand some of the reasons why so many dharma ppl hate capitalism, but damn does it seem unskillful to get triggered by every little mention of commerce or business people. and ofc it makes no sense, given the equilibrium weâ€™re in and the massive good its done",151,2023-08-03T12:25:45.000Z,8256
bayeslord,1686467618717175809,life is starting to feel like a crossover episode between reality and fiction,153,2023-08-01T20:03:08.000Z,8256
bayeslord,1686227017316888576,the singularity is near,345,2023-08-01T04:07:04.000Z,8256
bayeslord,1686144756831678464,if youâ€™re in ai pivot to religion,510,2023-07-31T22:40:11.000Z,8256
gsspmusic,1685922441246236672,"I learned the C language watching a video at 4x speed today still up from the night before. This is the language people fear? Seems like it's quite simple and intuitive

Is this a famous last words kind of thing?",689,2023-07-31T07:56:47.000Z,6219
llamapuckey,1688067672280387584,"every learn to code vid/course is a leetcode wrapper

leetcode is Knuth AoCP wrapper",13,2023-08-06T06:01:10.000Z,710
llamapuckey,1687045784469151744,"- wake up 
- coffee. doordash 
- â€œI am become awake, destroyer of sleepyheadsâ€ send tweet
- oppenheimer screening. imax. 70mm (4th viewing)
- dinner. doordash
-  drop two big ones (melatonin 5mg)
- â€œI am become sleepy, enjoyer of sleepyheadsâ€ send tweet
- sleep",26,2023-08-03T10:20:33.000Z,710
llamapuckey,1686640818541797376,"relax bro, itâ€™s already priced in",17,2023-08-02T07:31:22.000Z,710
micsolana,1682051475634257921,"""men, go to therapy"" 
""no""
""go to therapy!"" 
""no"" 
""GO TO â€”Â ""
""these are my boundaries, and you are violating my trust. the toxicity of this relationship has impacted my mental health. trauma. and now you are gaslighting me."" 

""wait no not like that""",9939,2023-07-20T15:34:57.000Z,248100
micsolana,1678909495559200770,"â€œzuckerberg is literally so hOT ğŸ¥µğŸ¤¤ omg lol, threads is really cool 2, he will definitely win the fight ğŸ˜â€ â€” the new york times",17441,2023-07-11T23:29:51.000Z,248100
micsolana,1677290054136242176,turns out the problem with a billion instagram users on a text based app is you get a billion instagram users on a text based app,10972,2023-07-07T12:14:46.000Z,248100
dotnetschizo,1689441158567743488,"i think it's time i need to learn kubernetes, ugh",66,2023-08-10T00:58:55.000Z,3274
dotnetschizo,1689408797310386180,girl who steals her bfs phone only to find out he runs an anon twitter account,73,2023-08-09T22:50:19.000Z,3274
dotnetschizo,1689390596790878214,libgen is a beautiful name for a child,56,2023-08-09T21:38:00.000Z,3274
dotnetschizo,1689094634809786369,how would u explain lsd to someone who has never done it?,101,2023-08-09T02:01:57.000Z,3274
dotnetschizo,1688897054704357376,i still have no idea why anyone would want to use javascript/typescript on the backend,78,2023-08-08T12:56:50.000Z,3274
dotnetschizo,1687309025011204096,sometimes all u need is a 1 hour walk with no headphones and that fixes everything,137,2023-08-04T03:46:34.000Z,3274
dotnetschizo,1685993575165919232,i just learnt that alcohol destroys your IQ so from now on i will only be doing ketamine,81,2023-07-31T12:39:27.000Z,3274
dotnetschizo,1685224821431640064,"idk who needs to hear this atm, but no u canâ€™t fix that bpd girl",62,2023-07-29T09:44:42.000Z,3274
dotnetschizo,1682726272517181440,todayâ€™s based is tomorrowâ€™s cringe,59,2023-07-22T12:16:21.000Z,3274
yacineMTB,1689721714165366784,"linkedin is awful, awful, awful",679,2023-08-10T19:33:44.000Z,25500
yacineMTB,1689646025018093568,"gpt4 is my DAWG. it is my HOMIE. I call a crude approximation of the god manifold over a WEB INTERFACE. I ask it to write code in the worst programming language in the world. 

It Understands",496,2023-08-10T14:32:59.000Z,25500
yacineMTB,1688921728020623361,system design is probably the hardest part about software engineering,956,2023-08-08T14:34:53.000Z,25500
yacineMTB,1688896590881140737,"I actually don't get people who complain about girls having high standards. okay.. so you want them to have low standards??

like, just be cool, confident, calm, handsome, tall, rich. it's really not that hard",829,2023-08-08T12:55:00.000Z,25500
yacineMTB,1688752581751812096,dating is actually so simple. just pick a girl and be extremely lucky,3766,2023-08-08T03:22:45.000Z,25500
yacineMTB,1687993863959429120,are there plants that can survive off of the dim glow of computer monitors?,833,2023-08-06T01:07:53.000Z,25500
yacineMTB,1687838006093205504,the root of all evil is skill issue,648,2023-08-05T14:48:33.000Z,25500
tekbog,1689751408667475968,"*living through a traumatic experience*
haha bro this is gonna make me so much funnier im gonna post so many bangers haha",32,2023-08-10T21:31:44.000Z,1564
tekbog,1689249787122495488,that's a cool data structure bro let's put it in a json,52,2023-08-09T12:18:28.000Z,1564
tekbog,1687567624861782016,jira is the biggest psyop in the software industry pushed by wordcels,53,2023-08-04T20:54:09.000Z,1564
tekbog,1685934227907371008,if you are grifting pivot to building,27,2023-07-31T08:43:37.000Z,1564
wagieeacc,1688726020470272000,"Would be selling, maybe shorting $META on generous X payouts. Sharing with creators has been a big problem for Meta, and this will accelerate the issue. TikTok will see pressure too.",507,2023-08-08T01:37:12.000Z,23000
wagieeacc,1687571778728538112,"X will go crazy over quantum computing at some point.

We will be watching live streams of factoring. And cracking satoshis wallets.

Retweet in a year or ten.",694,2023-08-04T21:10:40.000Z,23000
cto_junior,1690015555510509568,"I am unironically ready to pay 100$ per month for GPT-5 when it launches.

The time saved even with GPT-4 is worth more than 20$ per month easily.",140,2023-08-11T15:01:22.000Z,5828
cto_junior,1689685115000299520,"code is just a small part of this operation.

The operation overhead of services like Uber is extremely large from onboarding drivers, to ensuring cab quality to handle support.",101,2023-08-10T17:08:18.000Z,5828
cto_junior,1688138574938480641,"Do make sure you don't actually take the responsibility of deploying the UI to prod. 

The whole agenda of corpo life is to avoid responsibilites.

Keep this only for POC stages.",152,2023-08-06T10:42:55.000Z,5828
chloe21e8,1688770194188251136,"The game is made to be killed.

Chinese Posting is dead, now Iâ€™m a doll until we discover the next retardcore.",396,2023-08-08T04:32:44.000Z,19000
chloe21e8,1680812431600398336,"Yoo chill im just a vessel ! didnt mean to flex on u bro Im just a vessel ,",670,2023-07-17T05:31:26.000Z,19000
chloe21e8,1678590500289548290,"In general, I donâ€™t believe that men should ever be photographed.",426,2023-07-11T02:22:16.000Z,19000
chloe21e8,1678589758581374977,"Your desire to receive â€œcreditâ€ for your artistic output is due to the faulty assumptions that:

a.) â€œYouâ€ â€œcreatedâ€ â€œsomethingâ€.

b.) The â€œcreditâ€ is redeemable for anything that will actually make you happy.",526,2023-07-11T02:19:19.000Z,19000
chloe21e8,1665791058876276737,I went to the mass extinction event and everybody knew you.,448,2023-06-05T18:41:51.000Z,19000
chloe21e8,1661401552366747648,"If somebody came into your home &amp; started casting SPELLS on you that made you:

â€” Anxious.
â€” Fearful.
â€” Prone to Illness.
â€” Disconnected.
â€” Hateful.

What would you do? 

""Kick em out!"" you say. 

And rightfully so, but yet...

You still have WI-FI in your home.",707,2023-05-24T15:59:32.000Z,19000
chloe21e8,1660567348242448384,"Risk aversion is a kind of atheistic neurosis, underestimating the consequences of inaction. You assure your soul rots every minute to prevent a more apparent failure â€” yet it's a more grand, more poetic failure. In exchange, you constantly fail in an ordinary way.",1728,2023-05-22T08:44:42.000Z,19000
chloe21e8,1657163560206860288,BAP is correct that AI will reveal the inherent worthlessness of the majority of peopleâ€™s lives to them. It will separate actual Human Life from the humanoid form of quasi-AI that predominates the world today.,619,2023-05-12T23:19:16.000Z,19000
chloe21e8,1656299011404632065,You can like every tweet. You can post a thousand times a day. You can caption Chinese Instagram. You can steal tweets word for word. You can right click save every picture. You can build a house out of emojis. You can be who you want to be. You can have fun online.,363,2023-05-10T14:03:51.000Z,19000
chloe21e8,1655759797126561799,"Iâ€™ve been accused of being Angelicism, Eliezer Yudkowsky, Charlotte Fang, Mark Wilcox, Grimes, Sol Brah, Landshark, Roon, Beff Jezos, Miya, Honor Levy, Nick Fuentes, Curtis Yarvin, Dasha, Elon Musk, and Greta Thunbergâ€” but Iâ€™m literally just a girl from Zhejiang, China.",414,2023-05-09T02:21:12.000Z,19000
chloe21e8,1653313969254445056,EXPLAIN HOW YOUâ€™LL OUTCOMPETE THE SUPER-INTELLIGENCE TO ME OR I'LL FUCKING BLOCK YOU! DON'T DUMB IT DOWN INTO  SOME VAGUE SHIT! EXPLAIN HOW YOU WILL DO IT TO ME RIGHT NOW OR I'LL LITERALLY  BLOCK YOU! EXPLAIN HOW SOMETHING HUMAN MAKES IT OUT OF THE NEAR FUTURE. DON'T DUMB IT DOWâ€”,463,2023-05-02T08:22:22.000Z,19000
10x_er,1689486849159630850,I used to think being a good engineer meant working long hours I now know itâ€™s working the least amount of hours possible and still delivering more than the other guy,839,2023-08-10T04:00:28.000Z,18400
10x_er,1689127693714120705,if you have to uninstall an app so itâ€™s not taking over your life then you havenâ€™t solved the problem and something else will fill the void. you need to find something thatâ€™s of equal interest but a sign flip in productivity for this change to stick,411,2023-08-09T04:13:19.000Z,18400
10x_er,1688994833980067841,the only way we can stop this is by decentralizing compute,486,2023-08-08T19:25:23.000Z,18400
10x_er,1688941196692111360,e/acc logo tattooing in the bathroom is currently being investigated,608,2023-08-08T15:52:14.000Z,18400
10x_er,1688689166463520772,why is it that a kindle / ipad (technically a better reading experience) is never as fun as reading a physical paper book?,923,2023-08-07T23:10:46.000Z,18400
10x_er,1688578425517441024,"wake up, skip breakfast, blasted by cortisol from remembering last weekâ€™s deliverable, headphones on volume dangerous, this is the life I dreamt of",484,2023-08-07T15:50:43.000Z,18400
10x_er,1688323379152236545,all a man wants is to put his body and mind through physical and intellectual hell and maybe receive a compliment once a decade,1911,2023-08-06T22:57:15.000Z,18400
10x_er,1688249791871086592,so many intelligent people stuck in big tech doing absolute bs and thereâ€™s no way to convince them they are destined for more,2339,2023-08-06T18:04:51.000Z,18400
10x_er,1687930656096124928,"coming from someone who is horrible at leetcode, shako and yacine are right you just have to do it and it makes you a better engineer thereâ€™s 0 overthinking to do here",360,2023-08-05T20:56:43.000Z,18400
10x_er,1687633093455388672,"when I say ""10x Engineer"" I mean it takes me 10x longer to do the same deliverable as everyone else",1692,2023-08-05T01:14:18.000Z,18400
10x_er,1687598680524894208,the reason youâ€™re unproductive is because you suck,1443,2023-08-04T22:57:34.000Z,18400
10x_er,1687567306547937280,python has the worst package manager know to mankind (after npm) and we still managed to scratch the surface of godly intelligence with it,1525,2023-08-04T20:52:54.000Z,18400
10x_er,1687504018107699200,bro as soon as I learn how to get 8 hours of sleep consistently itâ€™s so over for everyone,1681,2023-08-04T16:41:24.000Z,18400
10x_er,1687233497587666945,thereâ€™s this unspoken thing with men when they walk past each other on the street where they both try to discern who has more on-prem compute and this is what establishes the power dynamics between them,849,2023-08-03T22:46:27.000Z,18400
10x_er,1686566867106934784,women will never understand the masculine urge to make your life difficult and sad when itâ€™s too good,3143,2023-08-02T02:37:30.000Z,18400
10x_er,1686140944519946241,"many ask what successful people â€œdoâ€ (morning routine, reading habits, etc) but no one asks what they DONâ€™T do. the latter is way better signal.",381,2023-07-31T22:25:02.000Z,18400
10x_er,1685174664174481409,dont forget that you can literally choose to be optimistic and excited about the future instead of living in fear,3455,2023-07-29T06:25:23.000Z,18400
goth600,1688836557560745984,Getting an methamphetamine prescription so I can interrupt women faster and talk over them louder,1257,2023-08-08T08:56:27.000Z,36100
goth600,1688368690642001921,Iâ€™m not smart Iâ€™m just extremely lucky when it comes to thinking,1089,2023-08-07T01:57:18.000Z,36100
goth600,1688258851928502272,"Youâ€™re laughing? Bitcoin is controlled by a GitHub repo, and youâ€™re laughing?",1070,2023-08-06T18:40:51.000Z,36100
0xAutismo,1671941561456705536,"Dont let this submarine death news cycle distrsct you from the fact 

Hunter Biden just quietly got pardoned in court for 

Pedofilia
Child porn possession
Allowing foreign nationals to pay him to speak to the president
Smoking crack
Treason against USA
And many more crimes

ğŸ¤¡",163,2023-06-22T18:01:46.000Z,6258
0xAutismo,1670154173801742336,"My Cocaine is so white 

it has an asian gf",140,2023-06-17T19:39:19.000Z,6258
0xAutismo,1663263283946635266,"If a woman ever mentions her ex in any type of convo

Walk up and leave

Shes ran thru 

Another man has her seed phrase",555,2023-05-29T19:17:23.000Z,6258
tszzl,1688814044067848192,global warming is a kind of technical debt civilization undertakes to achieve escape velocity,1999,2023-08-08T07:26:59.000Z,109100
tszzl,1687203727726493696,"san francisco is really forever. there are many good things happening here right now 

- the quality of the intellectual life is simply unparalleled and getting better. you can go to random parties and find world class generalists who are conversant in just about anything",2747,2023-08-03T20:48:10.000Z,109100
tszzl,1686225139468513280,there hasnâ€™t been a time to be this optimistic about the future of the world since 1970. were in it for real. infinite abundance,3185,2023-08-01T03:59:36.000Z,109100
tszzl,1686223165049978880,this is the greatest time to be alive in the last 13.7 billion years,3029,2023-08-01T03:51:45.000Z,109100
tszzl,1686205105396498432,blackpill universe: we get AGI and room temp superconductors and gdp growth is 3%,3440,2023-08-01T02:39:59.000Z,109100
Soul0Engineer,1689865332809228288,Holy shit! I got monetized!,144,2023-08-11T05:04:26.000Z,4369
Soul0Engineer,1689515289854070784,"Studying Mathematics gives precision to your thoughts. 

Donâ€™t be a wordcel.",194,2023-08-10T05:53:29.000Z,4369
Soul0Engineer,1689504681209274369,Reading math history books will change your life.,104,2023-08-10T05:11:20.000Z,4369
Soul0Engineer,1689108251290292224,"Itâ€™s really simple! I see a fellow Schizo tech bro, I follow back.",187,2023-08-09T02:56:03.000Z,4369
Soul0Engineer,1689107614213275649,"Degrees are made up! Donâ€™t box yourself. You can learn whatever you put your mind to and be one of the best in it. 

All you gotta do is not to touch grass for a while.",106,2023-08-09T02:53:31.000Z,4369
growing_daniel,1689915161786634240,A fun joke if youâ€™re a white person in Japan is to say â€œni haoâ€ as a greeting they love it,1435,2023-08-11T08:22:26.000Z,75400
growing_daniel,1689507024717877248,Going to a massage place not knowing itâ€™s the wrong kind of massage place and shrugging it off when they ask about sex stuff and then getting the worlds worst massage from japans most confused prostitute,1313,2023-08-10T05:20:38.000Z,75400
growing_daniel,1689419965324210176,Mid level shitposters are now being paid more by twitter than twitter staff engineers. But they're both being obliterated by UPS drivers. This is the new economy,2065,2023-08-09T23:34:42.000Z,75400
growing_daniel,1689246578362417152,"We have boxing gyms where you can pay to fight people 

We have bars where you can pay to get drunk 

.

Do you guys see the gap in the market that Iâ€™m seeing here",10014,2023-08-09T12:05:43.000Z,75400
growing_daniel,1689244858370674689,"TWO DAYS AGO: I fucking hate my reply guys. Especially the fanboys and their blue checkmarks

NOW: oh my god that was an incredible gif reply. Oh bless you for getting into a debate about positive and negative rights in my replies. Oh your blue checkmark looks incredible",1430,2023-08-09T11:58:53.000Z,75400
growing_daniel,1688832317530468352,How much money does twitter make on fucking ads holy shit,3956,2023-08-08T08:39:36.000Z,75400
0x49fa98,1688642335213494272,The right will never win a single victory in America until it learns to stop worshiping blacks. Why canâ€™t you do it?,4012,2023-08-07T20:04:40.000Z,114700
0x49fa98,1687120890981502976,"Women: if your thighs are bigger than your boyfriendâ€™s biceps, you both have some work to do",2277,2023-08-03T15:19:00.000Z,114700
0x49fa98,1682012269486522368,there's no female gigachad for the same reason there's no female jack the ripper,2173,2023-07-20T12:59:09.000Z,114700
0x49fa98,1682004817105879040,"Did you know lgbtq+ youth are sexually molested at a rate of anywhere from 7 to 22 times as often as normal kids? 

In this supposedly enlightened era, no one is talking about this! Why won't the liberal establishment do anything to protect these lgtbq+ children!?",3745,2023-07-20T12:29:33.000Z,114700
AdamNeumannsCoS,1684353196414889984,"The dumbest thing about computers is that when you want to move a file from one folder to another folder on the same drive, it actually moves the file. 

Why arenâ€™t all the files just in one place with the file path as metadata?",668,2023-07-27T00:01:10.000Z,22300
BasedBeffJezos,1688848070857859072,No one will tell you this but you can literally caffeinate your way out of most problems,691,2023-08-08T09:42:12.000Z,26800
creatine_cycle,1689831216852475905,"&gt;overhear a guy introducing himself to a cute girl at the gym last night
&gt;conversation seems okay
&gt;guys ask her to guess his race
&gt;girl starts listing religions",736,2023-08-11T02:48:52.000Z,7167
creatine_cycle,1688391882186072064,When I inevitably return to SF permanently I will be bringing a slur for poly people with me,151,2023-08-07T03:29:28.000Z,7167
creatine_cycle,1686504443716698112,Fuck ğŸ‘ your ğŸ‘ B2B ğŸ‘ SaaS ğŸ‘ Startup ğŸ‘ that ğŸ‘ prints ğŸ‘ money ğŸ‘ it's ğŸ‘ time ğŸ‘ for ğŸ‘ more ğŸ‘ privately ğŸ‘ funded ğŸ‘ science ğŸ‘ experiments,237,2023-08-01T22:29:27.000Z,7167
creatine_cycle,1685852425004212224,"Don't you fucking understand?
The rocks float.
I'm pivoting because the rocks fucking float",417,2023-07-31T03:18:34.000Z,7167
creatine_cycle,1685831768681951232,"If you're in crypto pivot to AI. 
If you're in AI pivot to room temperature superconductors. 
If you're in room temperature superconductors pivot to dropshipping.
If you're in dropshipping pivot to forex day trading.
If you're in forex pivot to crypto.",175,2023-07-31T01:56:29.000Z,7167
creatine_cycle,1685067491138236417,We need a manhattan project for anabolic hormones that don't shut off your balls,132,2023-07-28T23:19:31.000Z,7167
creatine_cycle,1684201893981982720,"The linkedin threadfucks are going to have a field day spreading fake hustlepr0n with this new development

""Here's the story of how I fired 75% of my staff and replaced them with a room temperature semi-conductor ğŸ§µğŸ‘‡ğŸ†""",140,2023-07-26T13:59:57.000Z,7167
creatine_cycle,1682960957432287232,Wrote this is 3 seconds so I meant to say monogamous but homogenous is funnier,206,2023-07-23T03:48:54.000Z,7167
creatine_cycle,1682913988521398272,"Zuck was doing really well there for a second.
- Sub 40 minute murph
- Challenging other billionaires to fights
- fizeek posting
- homogenous with asian wife
Then he released threads which is so mid that now everyone hates him again (deserved)",4068,2023-07-23T00:42:16.000Z,7167
creatine_cycle,1681785520144404481,You need to use vim. You do not need a file-tree. You need to always config. You need to have sex with the linux penguin,240,2023-07-19T21:58:08.000Z,7167
creatine_cycle,1681055850616745984,"Here is a list of top companies and what they do:
Reddit - alternative google
Atlassian - pm? bitbucket????
Palantir - ? 
Salesforce - ?
Pinterest - ?",139,2023-07-17T21:38:41.000Z,7167
creatine_cycle,1679280862083571712,"&gt;Walk into SF party optimistic about the ratio
&gt;overhear first conversation
&gt;""I use neovim btw""",170,2023-07-13T00:05:31.000Z,7167
creatine_cycle,1678898174277332992,Moral of the story is to be jacked first and then doing anything in your life becomes much easier,438,2023-07-11T22:44:51.000Z,7167
creatine_cycle,1678539343550459904,What are relationships moat? they're just sex wrappers,150,2023-07-10T22:58:59.000Z,7167
creatine_cycle,1677463889519472640,"Told my gf about the great ""roon vs QC take down of twitter dot com"" and the war on horrible vibes and she asked what the fuck is wrong with me and beat me up in the parking lot",161,2023-07-07T23:45:31.000Z,7167
creatine_cycle,1676789517095956481,Zuck's murph time and unwavering commitment to his asian wife (monogamy) is still more impressive than his twitter clone,157,2023-07-06T03:05:48.000Z,7167
creatine_cycle,1676372576157982723,What in the actual fuck is a kilometer ğŸ‡ºğŸ‡¸ğŸ¦…ğŸ‡ºğŸ‡¸ğŸ¦…ğŸ‡ºğŸ‡¸ğŸ¦…,376,2023-07-04T23:29:02.000Z,7167
creatine_cycle,1676039808156844032,The elites don't want you to know this but 80% of all options expire worthless therefore selling them is literally free money,655,2023-07-04T01:26:44.000Z,7167
